IUID,Endemicity,Population,Regime,Probability_of_elimination_by_2000,Probability_of_elimination_by_2001,Probability_of_elimination_by_2002,Probability_of_elimination_by_2003,Probability_of_elimination_by_2004,Probability_of_elimination_by_2005,Probability_of_elimination_by_2006,Probability_of_elimination_by_2007,Probability_of_elimination_by_2008,Probability_of_elimination_by_2009,Probability_of_elimination_by_2010,Probability_of_elimination_by_2011,Probability_of_elimination_by_2012,Probability_of_elimination_by_2013,Probability_of_elimination_by_2014,Probability_of_elimination_by_2015,Probability_of_elimination_by_2016,Probability_of_elimination_by_2017,Probability_of_elimination_by_2018,Probability_of_elimination_by_2019,Probability_of_elimination_by_2020,Probability_of_elimination_by_2021,Probability_of_elimination_by_2022,Probability_of_elimination_by_2023,Probability_of_elimination_by_2024,Probability_of_elimination_by_2025,Probability_of_elimination_by_2026,Probability_of_elimination_by_2027,Probability_of_elimination_by_2028,Probability_of_elimination_by_2029,Probability_of_elimination_by_2030,Prev_Year2000,Prev_Year2001,Prev_Year2002,Prev_Year2003,Prev_Year2004,Prev_Year2005,Prev_Year2006,Prev_Year2007,Prev_Year2008,Prev_Year2009,Prev_Year2010,Prev_Year2011,Prev_Year2012,Prev_Year2013,Prev_Year2014,Prev_Year2015,Prev_Year2016,Prev_Year2017,Prev_Year2018,Prev_Year2019,Prev_Year2020,Prev_Year2021,Prev_Year2022,Prev_Year2023,Prev_Year2024,Prev_Year2025,Prev_Year2026,Prev_Year2027,Prev_Year2028,Prev_Year2029,Prev_Year2030,Lower_Bound_Year2000,Lower_Bound_Year2001,Lower_Bound_Year2002,Lower_Bound_Year2003,Lower_Bound_Year2004,Lower_Bound_Year2005,Lower_Bound_Year2006,Lower_Bound_Year2007,Lower_Bound_Year2008,Lower_Bound_Year2009,Lower_Bound_Year2010,Lower_Bound_Year2011,Lower_Bound_Year2012,Lower_Bound_Year2013,Lower_Bound_Year2014,Lower_Bound_Year2015,Lower_Bound_Year2016,Lower_Bound_Year2017,Lower_Bound_Year2018,Lower_Bound_Year2019,Lower_Bound_Year2020,Lower_Bound_Year2021,Lower_Bound_Year2022,Lower_Bound_Year2023,Lower_Bound_Year2024,Lower_Bound_Year2025,Lower_Bound_Year2026,Lower_Bound_Year2027,Lower_Bound_Year2028,Lower_Bound_Year2029,Lower_Bound_Year2030,Upper_Bound_Year2000,Upper_Bound_Year2001,Upper_Bound_Year2002,Upper_Bound_Year2003,Upper_Bound_Year2004,Upper_Bound_Year2005,Upper_Bound_Year2006,Upper_Bound_Year2007,Upper_Bound_Year2008,Upper_Bound_Year2009,Upper_Bound_Year2010,Upper_Bound_Year2011,Upper_Bound_Year2012,Upper_Bound_Year2013,Upper_Bound_Year2014,Upper_Bound_Year2015,Upper_Bound_Year2016,Upper_Bound_Year2017,Upper_Bound_Year2018,Upper_Bound_Year2019,Upper_Bound_Year2020,Upper_Bound_Year2021,Upper_Bound_Year2022,Upper_Bound_Year2023,Upper_Bound_Year2024,Upper_Bound_Year2025,Upper_Bound_Year2026,Upper_Bound_Year2027,Upper_Bound_Year2028,Upper_Bound_Year2029,Upper_Bound_Year2030IUID,Endemicity,Population,Regime,Probability_of_elimination_by_2000,Probability_of_elimination_by_2001,Probability_of_elimination_by_2002,Probability_of_elimination_by_2003,Probability_of_elimination_by_2004,Probability_of_elimination_by_2005,Probability_of_elimination_by_2006,Probability_of_elimination_by_2007,Probability_of_elimination_by_2008,Probability_of_elimination_by_2009,Probability_of_elimination_by_2010,Probability_of_elimination_by_2011,Probability_of_elimination_by_2012,Probability_of_elimination_by_2013,Probability_of_elimination_by_2014,Probability_of_elimination_by_2015,Probability_of_elimination_by_2016,Probability_of_elimination_by_2017,Probability_of_elimination_by_2018,Probability_of_elimination_by_2019,Probability_of_elimination_by_2020,Probability_of_elimination_by_2021,Probability_of_elimination_by_2022,Probability_of_elimination_by_2023,Probability_of_elimination_by_2024,Probability_of_elimination_by_2025,Probability_of_elimination_by_2026,Probability_of_elimination_by_2027,Probability_of_elimination_by_2028,Probability_of_elimination_by_2029,Probability_of_elimination_by_2030,Prev_Year2000,Prev_Year2001,Prev_Year2002,Prev_Year2003,Prev_Year2004,Prev_Year2005,Prev_Year2006,Prev_Year2007,Prev_Year2008,Prev_Year2009,Prev_Year2010,Prev_Year2011,Prev_Year2012,Prev_Year2013,Prev_Year2014,Prev_Year2015,Prev_Year2016,Prev_Year2017,Prev_Year2018,Prev_Year2019,Prev_Year2020,Prev_Year2021,Prev_Year2022,Prev_Year2023,Prev_Year2024,Prev_Year2025,Prev_Year2026,Prev_Year2027,Prev_Year2028,Prev_Year2029,Prev_Year2030,Lower_Bound_Year2000,Lower_Bound_Year2001,Lower_Bound_Year2002,Lower_Bound_Year2003,Lower_Bound_Year2004,Lower_Bound_Year2005,Lower_Bound_Year2006,Lower_Bound_Year2007,Lower_Bound_Year2008,Lower_Bound_Year2009,Lower_Bound_Year2010,Lower_Bound_Year2011,Lower_Bound_Year2012,Lower_Bound_Year2013,Lower_Bound_Year2014,Lower_Bound_Year2015,Lower_Bound_Year2016,Lower_Bound_Year2017,Lower_Bound_Year2018,Lower_Bound_Year2019,Lower_Bound_Year2020,Lower_Bound_Year2021,Lower_Bound_Year2022,Lower_Bound_Year2023,Lower_Bound_Year2024,Lower_Bound_Year2025,Lower_Bound_Year2026,Lower_Bound_Year2027,Lower_Bound_Year2028,Lower_Bound_Year2029,Lower_Bound_Year2030,Upper_Bound_Year2000,Upper_Bound_Year2001,Upper_Bound_Year2002,Upper_Bound_Year2003,Upper_Bound_Year2004,Upper_Bound_Year2005,Upper_Bound_Year2006,Upper_Bound_Year2007,Upper_Bound_Year2008,Upper_Bound_Year2009,Upper_Bound_Year2010,Upper_Bound_Year2011,Upper_Bound_Year2012,Upper_Bound_Year2013,Upper_Bound_Year2014,Upper_Bound_Year2015,Upper_Bound_Year2016,Upper_Bound_Year2017,Upper_Bound_Year2018,Upper_Bound_Year2019,Upper_Bound_Year2020,Upper_Bound_Year2021,Upper_Bound_Year2022,Upper_Bound_Year2023,Upper_Bound_Year2024,Upper_Bound_Year2025,Upper_Bound_Year2026,Upper_Bound_Year2027,Upper_Bound_Year2028,Upper_Bound_Year2029,Upper_Bound_Year2030



SLE42262,Requiring PC,112355.565942958,Enhanced frequency,0.32817,0.32952,0.32899,0.32878,0.33141,0.32872,0.33338,0.34872,0.42289,0.69837,0.84222,0.92078,0.96199,0.95952,0.96188,0.98992,0.99701,0.99887,0.99973,0.99986,0.99993,0.99996,0.99998,0.99999,0.99999,1,1,1,1,1,1,0.01948,0.01939,0.01934,0.01927,0.0192,0.01911,0.01903,0.01864,0.01787,0.01534,0.00865,0.00578,0.00401,0.00282,0.00305,0.00296,0.00175,0.00119,0.00084,0.00039,0.00023,0.00015,9e-05,6e-05,4e-05,2e-05,2e-05,1e-05,1e-05,1e-05,0,0.001845,0.001865,0.00188,0.0019,0.001945,0.00195,0.002005,0.00199,0.001985,0.00162,0.000635,0.000245,6e-05,1e-05,1e-05,1e-05,1e-05,0,0,0,0,0,0,0,0,0,0,0,0,0,0,0.05861,0.05816,0.057695,0.057375,0.056975,0.056695,0.056275,0.054865,0.05233,0.045335,0.027775,0.01983,0.01463,0.01082,0.010875,0.01057,0.00687,0.00487,0.003585,0.00209,0.001565,0.00126,0.001,0.00074,0.000515,0.000305,0.00014,4e-05,1.5e-05,5e-06,0IUID,Endemicity,Population,Regime,Probability_of_elimination_by_2000,Probability_of_elimination_by_2001,Probability_of_elimination_by_2002,Probability_of_elimination_by_2003,Probability_of_elimination_by_2004,Probability_of_elimination_by_2005,Probability_of_elimination_by_2006,Probability_of_elimination_by_2007,Probability_of_elimination_by_2008,Probability_of_elimination_by_2009,Probability_of_elimination_by_2010,Probability_of_elimination_by_2011,Probability_of_elimination_by_2012,Probability_of_elimination_by_2013,Probability_of_elimination_by_2014,Probability_of_elimination_by_2015,Probability_of_elimination_by_2016,Probability_of_elimination_by_2017,Probability_of_elimination_by_2018,Probability_of_elimination_by_2019,Probability_of_elimination_by_2020,Probability_of_elimination_by_2021,Probability_of_elimination_by_2022,Probability_of_elimination_by_2023,Probability_of_elimination_by_2024,Probability_of_elimination_by_2025,Probability_of_elimination_by_2026,Probability_of_elimination_by_2027,Probability_of_elimination_by_2028,Probability_of_elimination_by_2029,Probability_of_elimination_by_2030,Prev_Year2000,Prev_Year2001,Prev_Year2002,Prev_Year2003,Prev_Year2004,Prev_Year2005,Prev_Year2006,Prev_Year2007,Prev_Year2008,Prev_Year2009,Prev_Year2010,Prev_Year2011,Prev_Year2012,Prev_Year2013,Prev_Year2014,Prev_Year2015,Prev_Year2016,Prev_Year2017,Prev_Year2018,Prev_Year2019,Prev_Year2020,Prev_Year2021,Prev_Year2022,Prev_Year2023,Prev_Year2024,Prev_Year2025,Prev_Year2026,Prev_Year2027,Prev_Year2028,Prev_Year2029,Prev_Year2030,Lower_Bound_Year2000,Lower_Bound_Year2001,Lower_Bound_Year2002,Lower_Bound_Year2003,Lower_Bound_Year2004,Lower_Bound_Year2005,Lower_Bound_Year2006,Lower_Bound_Year2007,Lower_Bound_Year2008,Lower_Bound_Year2009,Lower_Bound_Year2010,Lower_Bound_Year2011,Lower_Bound_Year2012,Lower_Bound_Year2013,Lower_Bound_Year2014,Lower_Bound_Year2015,Lower_Bound_Year2016,Lower_Bound_Year2017,Lower_Bound_Year2018,Lower_Bound_Year2019,Lower_Bound_Year2020,Lower_Bound_Year2021,Lower_Bound_Year2022,Lower_Bound_Year2023,Lower_Bound_Year2024,Lower_Bound_Year2025,Lower_Bound_Year2026,Lower_Bound_Year2027,Lower_Bound_Year2028,Lower_Bound_Year2029,Lower_Bound_Year2030,Upper_Bound_Year2000,Upper_Bound_Year2001,Upper_Bound_Year2002,Upper_Bound_Year2003,Upper_Bound_Year2004,Upper_Bound_Year2005,Upper_Bound_Year2006,Upper_Bound_Year2007,Upper_Bound_Year2008,Upper_Bound_Year2009,Upper_Bound_Year2010,Upper_Bound_Year2011,Upper_Bound_Year2012,Upper_Bound_Year2013,Upper_Bound_Year2014,Upper_Bound_Year2015,Upper_Bound_Year2016,Upper_Bound_Year2017,Upper_Bound_Year2018,Upper_Bound_Year2019,Upper_Bound_Year2020,Upper_Bound_Year2021,Upper_Bound_Year2022,Upper_Bound_Year2023,Upper_Bound_Year2024,Upper_Bound_Year2025,Upper_Bound_Year2026,Upper_Bound_Year2027,Upper_Bound_Year2028,Upper_Bound_Year2029,Upper_Bound_Year2030



SLE42264,Requiring PC,246523.721824884,Enhanced frequency,0.1165,0.1165,0.11492,0.11463,0.11399,0.11319,0.11376,0.32293,0.53366,0.71019,0.83264,0.91297,0.96345,0.96301,0.96694,0.99171,0.99616,0.99722,0.99884,0.99951,0.9998,0.99991,0.99995,0.99997,0.99999,0.99999,0.99999,0.99999,0.99999,1,1,0.03543,0.03534,0.03528,0.03522,0.03518,0.03511,0.03504,0.03428,0.01882,0.01245,0.00857,0.00595,0.00415,0.00291,0.00312,0.00301,0.0018,0.00124,0.00089,0.00043,0.00027,0.00017,0.00011,7e-05,5e-05,3e-05,2e-05,2e-05,1e-05,1e-05,1e-05,0.006785,0.006845,0.0069,0.00696,0.007025,0.00709,0.007175,0.007195,0.00342,0.001865,0.000935,0.00044,0.00014,2e-05,2e-05,2e-05,1e-05,0,0,0,0,0,0,0,0,0,0,0,0,0,0,0.09831,0.097965,0.097645,0.097365,0.09708,0.096855,0.096585,0.09406,0.05485,0.038165,0.02773,0.020345,0.01472,0.01057,0.010505,0.010115,0.006525,0.00466,0.00346,0.002085,0.00158,0.001225,0.00099,0.00083,0.00066,0.000495,0.00035,0.00021,9e-05,1e-05,0IUID,Endemicity,Population,Regime,Probability_of_elimination_by_2000,Probability_of_elimination_by_2001,Probability_of_elimination_by_2002,Probability_of_elimination_by_2003,Probability_of_elimination_by_2004,Probability_of_elimination_by_2005,Probability_of_elimination_by_2006,Probability_of_elimination_by_2007,Probability_of_elimination_by_2008,Probability_of_elimination_by_2009,Probability_of_elimination_by_2010,Probability_of_elimination_by_2011,Probability_of_elimination_by_2012,Probability_of_elimination_by_2013,Probability_of_elimination_by_2014,Probability_of_elimination_by_2015,Probability_of_elimination_by_2016,Probability_of_elimination_by_2017,Probability_of_elimination_by_2018,Probability_of_elimination_by_2019,Probability_of_elimination_by_2020,Probability_of_elimination_by_2021,Probability_of_elimination_by_2022,Probability_of_elimination_by_2023,Probability_of_elimination_by_2024,Probability_of_elimination_by_2025,Probability_of_elimination_by_2026,Probability_of_elimination_by_2027,Probability_of_elimination_by_2028,Probability_of_elimination_by_2029,Probability_of_elimination_by_2030,Prev_Year2000,Prev_Year2001,Prev_Year2002,Prev_Year2003,Prev_Year2004,Prev_Year2005,Prev_Year2006,Prev_Year2007,Prev_Year2008,Prev_Year2009,Prev_Year2010,Prev_Year2011,Prev_Year2012,Prev_Year2013,Prev_Year2014,Prev_Year2015,Prev_Year2016,Prev_Year2017,Prev_Year2018,Prev_Year2019,Prev_Year2020,Prev_Year2021,Prev_Year2022,Prev_Year2023,Prev_Year2024,Prev_Year2025,Prev_Year2026,Prev_Year2027,Prev_Year2028,Prev_Year2029,Prev_Year2030,Lower_Bound_Year2000,Lower_Bound_Year2001,Lower_Bound_Year2002,Lower_Bound_Year2003,Lower_Bound_Year2004,Lower_Bound_Year2005,Lower_Bound_Year2006,Lower_Bound_Year2007,Lower_Bound_Year2008,Lower_Bound_Year2009,Lower_Bound_Year2010,Lower_Bound_Year2011,Lower_Bound_Year2012,Lower_Bound_Year2013,Lower_Bound_Year2014,Lower_Bound_Year2015,Lower_Bound_Year2016,Lower_Bound_Year2017,Lower_Bound_Year2018,Lower_Bound_Year2019,Lower_Bound_Year2020,Lower_Bound_Year2021,Lower_Bound_Year2022,Lower_Bound_Year2023,Lower_Bound_Year2024,Lower_Bound_Year2025,Lower_Bound_Year2026,Lower_Bound_Year2027,Lower_Bound_Year2028,Lower_Bound_Year2029,Lower_Bound_Year2030,Upper_Bound_Year2000,Upper_Bound_Year2001,Upper_Bound_Year2002,Upper_Bound_Year2003,Upper_Bound_Year2004,Upper_Bound_Year2005,Upper_Bound_Year2006,Upper_Bound_Year2007,Upper_Bound_Year2008,Upper_Bound_Year2009,Upper_Bound_Year2010,Upper_Bound_Year2011,Upper_Bound_Year2012,Upper_Bound_Year2013,Upper_Bound_Year2014,Upper_Bound_Year2015,Upper_Bound_Year2016,Upper_Bound_Year2017,Upper_Bound_Year2018,Upper_Bound_Year2019,Upper_Bound_Year2020,Upper_Bound_Year2021,Upper_Bound_Year2022,Upper_Bound_Year2023,Upper_Bound_Year2024,Upper_Bound_Year2025,Upper_Bound_Year2026,Upper_Bound_Year2027,Upper_Bound_Year2028,Upper_Bound_Year2029,Upper_Bound_Year2030



SLE42256,Requiring PC,331903.355115891,Enhanced frequency,8e-05,7e-05,6e-05,5e-05,4e-05,3e-05,3e-05,9e-05,0.00202,0.01296,0.04742,0.12407,0.24609,0.18282,0.19039,0.45844,0.65076,0.76579,0.89225,0.94108,0.97222,0.98751,0.99394,0.99666,0.99819,0.99896,0.99932,0.99956,0.99972,0.99979,0.99985,0.19086,0.19093,0.19118,0.19136,0.19155,0.19171,0.19173,0.18809,0.16652,0.10467,0.07374,0.05304,0.03809,0.0272,0.03051,0.03099,0.01894,0.01293,0.00916,0.00396,0.00261,0.00182,0.0013,0.00094,0.00069,0.00051,0.00037,0.00028,2e-04,0.00015,0.00011,0.05722,0.05743,0.057765,0.05801,0.058225,0.058435,0.058525,0.05759,0.04913,0.024605,0.015025,0.00963,0.00618,0.003915,0.004335,0.003925,0.00187,0.001065,0.00067,0.00012,4.5e-05,1.5e-05,0,0,0,0,0,0,0,0,0,0.437795,0.43776,0.438085,0.43831,0.438595,0.438925,0.43885,0.432305,0.39377,0.290825,0.225725,0.174275,0.13304,0.10093,0.11061,0.115615,0.08365,0.06187,0.0467,0.02002,0.0135,0.00977,0.00739,0.005785,0.00461,0.003695,0.002965,0.002395,0.001915,0.00149,0.00127IUID,Endemicity,Population,Regime,Probability_of_elimination_by_2000,Probability_of_elimination_by_2001,Probability_of_elimination_by_2002,Probability_of_elimination_by_2003,Probability_of_elimination_by_2004,Probability_of_elimination_by_2005,Probability_of_elimination_by_2006,Probability_of_elimination_by_2007,Probability_of_elimination_by_2008,Probability_of_elimination_by_2009,Probability_of_elimination_by_2010,Probability_of_elimination_by_2011,Probability_of_elimination_by_2012,Probability_of_elimination_by_2013,Probability_of_elimination_by_2014,Probability_of_elimination_by_2015,Probability_of_elimination_by_2016,Probability_of_elimination_by_2017,Probability_of_elimination_by_2018,Probability_of_elimination_by_2019,Probability_of_elimination_by_2020,Probability_of_elimination_by_2021,Probability_of_elimination_by_2022,Probability_of_elimination_by_2023,Probability_of_elimination_by_2024,Probability_of_elimination_by_2025,Probability_of_elimination_by_2026,Probability_of_elimination_by_2027,Probability_of_elimination_by_2028,Probability_of_elimination_by_2029,Probability_of_elimination_by_2030,Prev_Year2000,Prev_Year2001,Prev_Year2002,Prev_Year2003,Prev_Year2004,Prev_Year2005,Prev_Year2006,Prev_Year2007,Prev_Year2008,Prev_Year2009,Prev_Year2010,Prev_Year2011,Prev_Year2012,Prev_Year2013,Prev_Year2014,Prev_Year2015,Prev_Year2016,Prev_Year2017,Prev_Year2018,Prev_Year2019,Prev_Year2020,Prev_Year2021,Prev_Year2022,Prev_Year2023,Prev_Year2024,Prev_Year2025,Prev_Year2026,Prev_Year2027,Prev_Year2028,Prev_Year2029,Prev_Year2030,Lower_Bound_Year2000,Lower_Bound_Year2001,Lower_Bound_Year2002,Lower_Bound_Year2003,Lower_Bound_Year2004,Lower_Bound_Year2005,Lower_Bound_Year2006,Lower_Bound_Year2007,Lower_Bound_Year2008,Lower_Bound_Year2009,Lower_Bound_Year2010,Lower_Bound_Year2011,Lower_Bound_Year2012,Lower_Bound_Year2013,Lower_Bound_Year2014,Lower_Bound_Year2015,Lower_Bound_Year2016,Lower_Bound_Year2017,Lower_Bound_Year2018,Lower_Bound_Year2019,Lower_Bound_Year2020,Lower_Bound_Year2021,Lower_Bound_Year2022,Lower_Bound_Year2023,Lower_Bound_Year2024,Lower_Bound_Year2025,Lower_Bound_Year2026,Lower_Bound_Year2027,Lower_Bound_Year2028,Lower_Bound_Year2029,Lower_Bound_Year2030,Upper_Bound_Year2000,Upper_Bound_Year2001,Upper_Bound_Year2002,Upper_Bound_Year2003,Upper_Bound_Year2004,Upper_Bound_Year2005,Upper_Bound_Year2006,Upper_Bound_Year2007,Upper_Bound_Year2008,Upper_Bound_Year2009,Upper_Bound_Year2010,Upper_Bound_Year2011,Upper_Bound_Year2012,Upper_Bound_Year2013,Upper_Bound_Year2014,Upper_Bound_Year2015,Upper_Bound_Year2016,Upper_Bound_Year2017,Upper_Bound_Year2018,Upper_Bound_Year2019,Upper_Bound_Year2020,Upper_Bound_Year2021,Upper_Bound_Year2022,Upper_Bound_Year2023,Upper_Bound_Year2024,Upper_Bound_Year2025,Upper_Bound_Year2026,Upper_Bound_Year2027,Upper_Bound_Year2028,Upper_Bound_Year2029,Upper_Bound_Year2030



SLE42261,Requiring PC,336932.537497044,Enhanced frequency,0.01637,0.01613,0.01569,0.01557,0.01521,0.01476,0.015,0.01582,0.10001,0.2573,0.45419,0.63316,0.78129,0.74372,0.75424,0.91901,0.96769,0.9827,0.99335,0.99683,0.99854,0.99934,0.99971,0.99987,0.99992,0.99995,0.99996,0.99999,0.99993,0.99997,0.99999,0.0631,0.06303,0.06301,0.06298,0.06294,0.0629,0.06276,0.06135,0.05891,0.03244,0.02147,0.01482,0.01032,0.00718,0.00786,0.0077,0.00449,0.00302,0.00213,0.00098,0.00062,0.00041,0.00028,0.00019,0.00013,9e-05,6e-05,5e-05,3e-05,2e-05,2e-05,0.01515,0.015255,0.01537,0.01546,0.01557,0.015685,0.0158,0.015625,0.015205,0.007135,0.00404,0.00223,0.00113,0.00057,0.000535,0.000435,0.000135,7e-05,4e-05,1e-05,0,0,0,0,0,0,0,0,0,0,0,0.16513,0.16483,0.164775,0.16473,0.164685,0.164605,0.164315,0.16058,0.1544,0.09405,0.065965,0.047745,0.03479,0.025245,0.026485,0.026505,0.01679,0.011695,0.008385,0.0044,0.003095,0.00237,0.00184,0.001465,0.0012,0.00101,0.00082,0.000605,0.000455,0.000305,0.00015IUID,Endemicity,Population,Regime,Probability_of_elimination_by_2000,Probability_of_elimination_by_2001,Probability_of_elimination_by_2002,Probability_of_elimination_by_2003,Probability_of_elimination_by_2004,Probability_of_elimination_by_2005,Probability_of_elimination_by_2006,Probability_of_elimination_by_2007,Probability_of_elimination_by_2008,Probability_of_elimination_by_2009,Probability_of_elimination_by_2010,Probability_of_elimination_by_2011,Probability_of_elimination_by_2012,Probability_of_elimination_by_2013,Probability_of_elimination_by_2014,Probability_of_elimination_by_2015,Probability_of_elimination_by_2016,Probability_of_elimination_by_2017,Probability_of_elimination_by_2018,Probability_of_elimination_by_2019,Probability_of_elimination_by_2020,Probability_of_elimination_by_2021,Probability_of_elimination_by_2022,Probability_of_elimination_by_2023,Probability_of_elimination_by_2024,Probability_of_elimination_by_2025,Probability_of_elimination_by_2026,Probability_of_elimination_by_2027,Probability_of_elimination_by_2028,Probability_of_elimination_by_2029,Probability_of_elimination_by_2030,Prev_Year2000,Prev_Year2001,Prev_Year2002,Prev_Year2003,Prev_Year2004,Prev_Year2005,Prev_Year2006,Prev_Year2007,Prev_Year2008,Prev_Year2009,Prev_Year2010,Prev_Year2011,Prev_Year2012,Prev_Year2013,Prev_Year2014,Prev_Year2015,Prev_Year2016,Prev_Year2017,Prev_Year2018,Prev_Year2019,Prev_Year2020,Prev_Year2021,Prev_Year2022,Prev_Year2023,Prev_Year2024,Prev_Year2025,Prev_Year2026,Prev_Year2027,Prev_Year2028,Prev_Year2029,Prev_Year2030,Lower_Bound_Year2000,Lower_Bound_Year2001,Lower_Bound_Year2002,Lower_Bound_Year2003,Lower_Bound_Year2004,Lower_Bound_Year2005,Lower_Bound_Year2006,Lower_Bound_Year2007,Lower_Bound_Year2008,Lower_Bound_Year2009,Lower_Bound_Year2010,Lower_Bound_Year2011,Lower_Bound_Year2012,Lower_Bound_Year2013,Lower_Bound_Year2014,Lower_Bound_Year2015,Lower_Bound_Year2016,Lower_Bound_Year2017,Lower_Bound_Year2018,Lower_Bound_Year2019,Lower_Bound_Year2020,Lower_Bound_Year2021,Lower_Bound_Year2022,Lower_Bound_Year2023,Lower_Bound_Year2024,Lower_Bound_Year2025,Lower_Bound_Year2026,Lower_Bound_Year2027,Lower_Bound_Year2028,Lower_Bound_Year2029,Lower_Bound_Year2030,Upper_Bound_Year2000,Upper_Bound_Year2001,Upper_Bound_Year2002,Upper_Bound_Year2003,Upper_Bound_Year2004,Upper_Bound_Year2005,Upper_Bound_Year2006,Upper_Bound_Year2007,Upper_Bound_Year2008,Upper_Bound_Year2009,Upper_Bound_Year2010,Upper_Bound_Year2011,Upper_Bound_Year2012,Upper_Bound_Year2013,Upper_Bound_Year2014,Upper_Bound_Year2015,Upper_Bound_Year2016,Upper_Bound_Year2017,Upper_Bound_Year2018,Upper_Bound_Year2019,Upper_Bound_Year2020,Upper_Bound_Year2021,Upper_Bound_Year2022,Upper_Bound_Year2023,Upper_Bound_Year2024,Upper_Bound_Year2025,Upper_Bound_Year2026,Upper_Bound_Year2027,Upper_Bound_Year2028,Upper_Bound_Year2029,Upper_Bound_Year2030



SLE42263,Requiring PC,263193.405031204,Enhanced frequency,0.03107,0.03091,0.03,0.02971,0.02891,0.02774,0.0283,0.02936,0.14948,0.31356,0.49335,0.65581,0.79069,0.75524,0.76372,0.91544,0.96323,0.98097,0.99276,0.99639,0.99833,0.99918,0.99947,0.99978,0.99986,0.99993,0.99997,0.99997,0.99996,0.99997,0.99998,0.06038,0.06028,0.06028,0.06026,0.06022,0.06021,0.06007,0.05874,0.05641,0.03118,0.02069,0.01429,0.00997,0.00695,0.0076,0.00745,0.00435,0.00294,0.00208,0.00095,6e-04,4e-04,0.00027,0.00018,0.00013,9e-05,6e-05,4e-05,3e-05,2e-05,2e-05,0.014305,0.014445,0.014585,0.01474,0.014925,0.01509,0.01524,0.015095,0.0148,0.00675,0.003655,0.001945,0.00089,0.000415,0.000385,0.000345,0.000135,7e-05,5e-05,1e-05,0,0,0,0,0,0,0,0,0,0,0,0.155825,0.15543,0.155295,0.15507,0.15486,0.154645,0.154255,0.150685,0.14475,0.089095,0.06353,0.046505,0.034305,0.025215,0.02628,0.026325,0.01733,0.012335,0.00909,0.004745,0.003385,0.00259,0.002085,0.00166,0.00137,0.001075,8e-04,0.000565,0.00037,0.00023,0.00012IUID,Endemicity,Population,Regime,Probability_of_elimination_by_2000,Probability_of_elimination_by_2001,Probability_of_elimination_by_2002,Probability_of_elimination_by_2003,Probability_of_elimination_by_2004,Probability_of_elimination_by_2005,Probability_of_elimination_by_2006,Probability_of_elimination_by_2007,Probability_of_elimination_by_2008,Probability_of_elimination_by_2009,Probability_of_elimination_by_2010,Probability_of_elimination_by_2011,Probability_of_elimination_by_2012,Probability_of_elimination_by_2013,Probability_of_elimination_by_2014,Probability_of_elimination_by_2015,Probability_of_elimination_by_2016,Probability_of_elimination_by_2017,Probability_of_elimination_by_2018,Probability_of_elimination_by_2019,Probability_of_elimination_by_2020,Probability_of_elimination_by_2021,Probability_of_elimination_by_2022,Probability_of_elimination_by_2023,Probability_of_elimination_by_2024,Probability_of_elimination_by_2025,Probability_of_elimination_by_2026,Probability_of_elimination_by_2027,Probability_of_elimination_by_2028,Probability_of_elimination_by_2029,Probability_of_elimination_by_2030,Prev_Year2000,Prev_Year2001,Prev_Year2002,Prev_Year2003,Prev_Year2004,Prev_Year2005,Prev_Year2006,Prev_Year2007,Prev_Year2008,Prev_Year2009,Prev_Year2010,Prev_Year2011,Prev_Year2012,Prev_Year2013,Prev_Year2014,Prev_Year2015,Prev_Year2016,Prev_Year2017,Prev_Year2018,Prev_Year2019,Prev_Year2020,Prev_Year2021,Prev_Year2022,Prev_Year2023,Prev_Year2024,Prev_Year2025,Prev_Year2026,Prev_Year2027,Prev_Year2028,Prev_Year2029,Prev_Year2030,Lower_Bound_Year2000,Lower_Bound_Year2001,Lower_Bound_Year2002,Lower_Bound_Year2003,Lower_Bound_Year2004,Lower_Bound_Year2005,Lower_Bound_Year2006,Lower_Bound_Year2007,Lower_Bound_Year2008,Lower_Bound_Year2009,Lower_Bound_Year2010,Lower_Bound_Year2011,Lower_Bound_Year2012,Lower_Bound_Year2013,Lower_Bound_Year2014,Lower_Bound_Year2015,Lower_Bound_Year2016,Lower_Bound_Year2017,Lower_Bound_Year2018,Lower_Bound_Year2019,Lower_Bound_Year2020,Lower_Bound_Year2021,Lower_Bound_Year2022,Lower_Bound_Year2023,Lower_Bound_Year2024,Lower_Bound_Year2025,Lower_Bound_Year2026,Lower_Bound_Year2027,Lower_Bound_Year2028,Lower_Bound_Year2029,Lower_Bound_Year2030,Upper_Bound_Year2000,Upper_Bound_Year2001,Upper_Bound_Year2002,Upper_Bound_Year2003,Upper_Bound_Year2004,Upper_Bound_Year2005,Upper_Bound_Year2006,Upper_Bound_Year2007,Upper_Bound_Year2008,Upper_Bound_Year2009,Upper_Bound_Year2010,Upper_Bound_Year2011,Upper_Bound_Year2012,Upper_Bound_Year2013,Upper_Bound_Year2014,Upper_Bound_Year2015,Upper_Bound_Year2016,Upper_Bound_Year2017,Upper_Bound_Year2018,Upper_Bound_Year2019,Upper_Bound_Year2020,Upper_Bound_Year2021,Upper_Bound_Year2022,Upper_Bound_Year2023,Upper_Bound_Year2024,Upper_Bound_Year2025,Upper_Bound_Year2026,Upper_Bound_Year2027,Upper_Bound_Year2028,Upper_Bound_Year2029,Upper_Bound_Year2030



SLE42254,Requiring PC,388352.193448544,Enhanced frequency,0.00622,0.00602,0.00576,0.00562,0.00531,0.005,0.00505,0.00526,0.0638,0.20202,0.39876,0.58036,0.73978,0.69646,0.7073,0.89707,0.95748,0.97671,0.99076,0.9957,0.99804,0.99913,0.99966,0.99984,0.9999,0.99993,0.99995,0.99998,0.99994,0.99997,0.99999,0.0704,0.07032,0.07031,0.07029,0.07026,0.07022,0.07008,0.06851,0.06582,0.03648,0.02422,0.01676,0.0117,0.00816,0.00895,0.0088,0.00514,0.00346,0.00245,0.00111,0.00071,0.00047,0.00032,0.00022,0.00015,1e-04,7e-05,5e-05,4e-05,3e-05,2e-05,0.017315,0.01743,0.01755,0.017645,0.01777,0.017855,0.01795,0.01768,0.017175,0.00807,0.00464,0.002625,0.001405,0.000775,0.000705,0.000565,0.00023,7.5e-05,5e-05,1e-05,0,0,0,0,0,0,0,0,0,0,0,0.182935,0.18268,0.18266,0.182585,0.18254,0.182495,0.18223,0.178225,0.171575,0.106455,0.075575,0.0552,0.04047,0.029555,0.03128,0.031595,0.020545,0.01443,0.010445,0.00518,0.00362,0.002725,0.0021,0.00165,0.001325,0.001105,0.00091,0.000715,0.00051,0.000325,0.00018IUID,Endemicity,Population,Regime,Probability_of_elimination_by_2000,Probability_of_elimination_by_2001,Probability_of_elimination_by_2002,Probability_of_elimination_by_2003,Probability_of_elimination_by_2004,Probability_of_elimination_by_2005,Probability_of_elimination_by_2006,Probability_of_elimination_by_2007,Probability_of_elimination_by_2008,Probability_of_elimination_by_2009,Probability_of_elimination_by_2010,Probability_of_elimination_by_2011,Probability_of_elimination_by_2012,Probability_of_elimination_by_2013,Probability_of_elimination_by_2014,Probability_of_elimination_by_2015,Probability_of_elimination_by_2016,Probability_of_elimination_by_2017,Probability_of_elimination_by_2018,Probability_of_elimination_by_2019,Probability_of_elimination_by_2020,Probability_of_elimination_by_2021,Probability_of_elimination_by_2022,Probability_of_elimination_by_2023,Probability_of_elimination_by_2024,Probability_of_elimination_by_2025,Probability_of_elimination_by_2026,Probability_of_elimination_by_2027,Probability_of_elimination_by_2028,Probability_of_elimination_by_2029,Probability_of_elimination_by_2030,Prev_Year2000,Prev_Year2001,Prev_Year2002,Prev_Year2003,Prev_Year2004,Prev_Year2005,Prev_Year2006,Prev_Year2007,Prev_Year2008,Prev_Year2009,Prev_Year2010,Prev_Year2011,Prev_Year2012,Prev_Year2013,Prev_Year2014,Prev_Year2015,Prev_Year2016,Prev_Year2017,Prev_Year2018,Prev_Year2019,Prev_Year2020,Prev_Year2021,Prev_Year2022,Prev_Year2023,Prev_Year2024,Prev_Year2025,Prev_Year2026,Prev_Year2027,Prev_Year2028,Prev_Year2029,Prev_Year2030,Lower_Bound_Year2000,Lower_Bound_Year2001,Lower_Bound_Year2002,Lower_Bound_Year2003,Lower_Bound_Year2004,Lower_Bound_Year2005,Lower_Bound_Year2006,Lower_Bound_Year2007,Lower_Bound_Year2008,Lower_Bound_Year2009,Lower_Bound_Year2010,Lower_Bound_Year2011,Lower_Bound_Year2012,Lower_Bound_Year2013,Lower_Bound_Year2014,Lower_Bound_Year2015,Lower_Bound_Year2016,Lower_Bound_Year2017,Lower_Bound_Year2018,Lower_Bound_Year2019,Lower_Bound_Year2020,Lower_Bound_Year2021,Lower_Bound_Year2022,Lower_Bound_Year2023,Lower_Bound_Year2024,Lower_Bound_Year2025,Lower_Bound_Year2026,Lower_Bound_Year2027,Lower_Bound_Year2028,Lower_Bound_Year2029,Lower_Bound_Year2030,Upper_Bound_Year2000,Upper_Bound_Year2001,Upper_Bound_Year2002,Upper_Bound_Year2003,Upper_Bound_Year2004,Upper_Bound_Year2005,Upper_Bound_Year2006,Upper_Bound_Year2007,Upper_Bound_Year2008,Upper_Bound_Year2009,Upper_Bound_Year2010,Upper_Bound_Year2011,Upper_Bound_Year2012,Upper_Bound_Year2013,Upper_Bound_Year2014,Upper_Bound_Year2015,Upper_Bound_Year2016,Upper_Bound_Year2017,Upper_Bound_Year2018,Upper_Bound_Year2019,Upper_Bound_Year2020,Upper_Bound_Year2021,Upper_Bound_Year2022,Upper_Bound_Year2023,Upper_Bound_Year2024,Upper_Bound_Year2025,Upper_Bound_Year2026,Upper_Bound_Year2027,Upper_Bound_Year2028,Upper_Bound_Year2029,Upper_Bound_Year2030



SLE42258,Requiring PC,278133.661087275,Enhanced frequency,0.00041,4e-04,0.00035,0.00031,0.00027,0.00025,0.00022,0.00047,0.00482,0.01932,0.05165,0.11175,0.20911,0.16296,0.16979,0.37371,0.54285,0.66225,0.82944,0.89115,0.93427,0.96126,0.97608,0.98425,0.98952,0.99276,0.99494,0.99647,0.99756,0.99818,0.9987,0.23951,0.23966,0.23999,0.24032,0.24058,0.24081,0.24087,0.23665,0.21164,0.13799,0.09934,0.07257,0.05272,0.03799,0.04271,0.0438,0.02726,0.01873,0.0133,0.00558,0.00368,0.00258,0.00187,0.00138,0.00103,0.00077,0.00059,0.00044,0.00034,0.00026,2e-04,0.06632,0.06687,0.067535,0.06804,0.068515,0.068935,0.069315,0.068315,0.05811,0.029235,0.017795,0.011275,0.007105,0.004415,0.00492,0.004475,0.00201,0.00097,0.000465,8e-05,1.5e-05,0,0,0,0,0,0,0,0,0,0,0.545365,0.54529,0.54545,0.54578,0.54583,0.546025,0.545775,0.538455,0.49779,0.382795,0.305,0.2402,0.186005,0.14219,0.154585,0.162905,0.118325,0.087135,0.065355,0.027765,0.01918,0.01428,0.01116,0.009005,0.0074,0.006095,0.005065,0.00418,0.00344,0.00279,0.00237IUID,Endemicity,Population,Regime,Probability_of_elimination_by_2000,Probability_of_elimination_by_2001,Probability_of_elimination_by_2002,Probability_of_elimination_by_2003,Probability_of_elimination_by_2004,Probability_of_elimination_by_2005,Probability_of_elimination_by_2006,Probability_of_elimination_by_2007,Probability_of_elimination_by_2008,Probability_of_elimination_by_2009,Probability_of_elimination_by_2010,Probability_of_elimination_by_2011,Probability_of_elimination_by_2012,Probability_of_elimination_by_2013,Probability_of_elimination_by_2014,Probability_of_elimination_by_2015,Probability_of_elimination_by_2016,Probability_of_elimination_by_2017,Probability_of_elimination_by_2018,Probability_of_elimination_by_2019,Probability_of_elimination_by_2020,Probability_of_elimination_by_2021,Probability_of_elimination_by_2022,Probability_of_elimination_by_2023,Probability_of_elimination_by_2024,Probability_of_elimination_by_2025,Probability_of_elimination_by_2026,Probability_of_elimination_by_2027,Probability_of_elimination_by_2028,Probability_of_elimination_by_2029,Probability_of_elimination_by_2030,Prev_Year2000,Prev_Year2001,Prev_Year2002,Prev_Year2003,Prev_Year2004,Prev_Year2005,Prev_Year2006,Prev_Year2007,Prev_Year2008,Prev_Year2009,Prev_Year2010,Prev_Year2011,Prev_Year2012,Prev_Year2013,Prev_Year2014,Prev_Year2015,Prev_Year2016,Prev_Year2017,Prev_Year2018,Prev_Year2019,Prev_Year2020,Prev_Year2021,Prev_Year2022,Prev_Year2023,Prev_Year2024,Prev_Year2025,Prev_Year2026,Prev_Year2027,Prev_Year2028,Prev_Year2029,Prev_Year2030,Lower_Bound_Year2000,Lower_Bound_Year2001,Lower_Bound_Year2002,Lower_Bound_Year2003,Lower_Bound_Year2004,Lower_Bound_Year2005,Lower_Bound_Year2006,Lower_Bound_Year2007,Lower_Bound_Year2008,Lower_Bound_Year2009,Lower_Bound_Year2010,Lower_Bound_Year2011,Lower_Bound_Year2012,Lower_Bound_Year2013,Lower_Bound_Year2014,Lower_Bound_Year2015,Lower_Bound_Year2016,Lower_Bound_Year2017,Lower_Bound_Year2018,Lower_Bound_Year2019,Lower_Bound_Year2020,Lower_Bound_Year2021,Lower_Bound_Year2022,Lower_Bound_Year2023,Lower_Bound_Year2024,Lower_Bound_Year2025,Lower_Bound_Year2026,Lower_Bound_Year2027,Lower_Bound_Year2028,Lower_Bound_Year2029,Lower_Bound_Year2030,Upper_Bound_Year2000,Upper_Bound_Year2001,Upper_Bound_Year2002,Upper_Bound_Year2003,Upper_Bound_Year2004,Upper_Bound_Year2005,Upper_Bound_Year2006,Upper_Bound_Year2007,Upper_Bound_Year2008,Upper_Bound_Year2009,Upper_Bound_Year2010,Upper_Bound_Year2011,Upper_Bound_Year2012,Upper_Bound_Year2013,Upper_Bound_Year2014,Upper_Bound_Year2015,Upper_Bound_Year2016,Upper_Bound_Year2017,Upper_Bound_Year2018,Upper_Bound_Year2019,Upper_Bound_Year2020,Upper_Bound_Year2021,Upper_Bound_Year2022,Upper_Bound_Year2023,Upper_Bound_Year2024,Upper_Bound_Year2025,Upper_Bound_Year2026,Upper_Bound_Year2027,Upper_Bound_Year2028,Upper_Bound_Year2029,Upper_Bound_Year2030



SLE42255,Requiring PC,320591.815339565,Enhanced frequency,0.00038,0.00035,0.00032,0.00029,0.00026,0.00024,0.00021,0.00055,0.01006,0.04839,0.13138,0.26156,0.41055,0.34628,0.35657,0.6317,0.78298,0.85846,0.9368,0.96666,0.98452,0.99312,0.99673,0.99828,0.99901,0.99948,0.99966,0.99978,0.99984,0.9999,0.99994,0.14483,0.14485,0.14498,0.14507,0.14517,0.14522,0.14517,0.14228,0.12518,0.07687,0.05346,0.03813,0.02721,0.01935,0.0216,0.02179,0.01321,0.009,0.00639,0.0028,0.00183,0.00126,0.00089,0.00064,0.00046,0.00033,0.00024,0.00018,0.00013,9e-05,7e-05,0.039975,0.040115,0.040275,0.04039,0.040575,0.04072,0.04076,0.040165,0.03418,0.01706,0.010305,0.00649,0.004085,0.00247,0.00259,0.002335,0.001135,6e-04,0.000325,6.5e-05,1.5e-05,0,0,0,0,0,0,0,0,0,0,0.350355,0.35031,0.350515,0.35079,0.351105,0.35137,0.35145,0.345875,0.312885,0.22564,0.172785,0.13224,0.10017,0.07544,0.08241,0.08579,0.06113,0.04487,0.03366,0.014575,0.009915,0.00716,0.005415,0.004185,0.00331,0.00259,0.00207,0.001665,0.00139,0.001125,0.000915IUID,Endemicity,Population,Regime,Probability_of_elimination_by_2000,Probability_of_elimination_by_2001,Probability_of_elimination_by_2002,Probability_of_elimination_by_2003,Probability_of_elimination_by_2004,Probability_of_elimination_by_2005,Probability_of_elimination_by_2006,Probability_of_elimination_by_2007,Probability_of_elimination_by_2008,Probability_of_elimination_by_2009,Probability_of_elimination_by_2010,Probability_of_elimination_by_2011,Probability_of_elimination_by_2012,Probability_of_elimination_by_2013,Probability_of_elimination_by_2014,Probability_of_elimination_by_2015,Probability_of_elimination_by_2016,Probability_of_elimination_by_2017,Probability_of_elimination_by_2018,Probability_of_elimination_by_2019,Probability_of_elimination_by_2020,Probability_of_elimination_by_2021,Probability_of_elimination_by_2022,Probability_of_elimination_by_2023,Probability_of_elimination_by_2024,Probability_of_elimination_by_2025,Probability_of_elimination_by_2026,Probability_of_elimination_by_2027,Probability_of_elimination_by_2028,Probability_of_elimination_by_2029,Probability_of_elimination_by_2030,Prev_Year2000,Prev_Year2001,Prev_Year2002,Prev_Year2003,Prev_Year2004,Prev_Year2005,Prev_Year2006,Prev_Year2007,Prev_Year2008,Prev_Year2009,Prev_Year2010,Prev_Year2011,Prev_Year2012,Prev_Year2013,Prev_Year2014,Prev_Year2015,Prev_Year2016,Prev_Year2017,Prev_Year2018,Prev_Year2019,Prev_Year2020,Prev_Year2021,Prev_Year2022,Prev_Year2023,Prev_Year2024,Prev_Year2025,Prev_Year2026,Prev_Year2027,Prev_Year2028,Prev_Year2029,Prev_Year2030,Lower_Bound_Year2000,Lower_Bound_Year2001,Lower_Bound_Year2002,Lower_Bound_Year2003,Lower_Bound_Year2004,Lower_Bound_Year2005,Lower_Bound_Year2006,Lower_Bound_Year2007,Lower_Bound_Year2008,Lower_Bound_Year2009,Lower_Bound_Year2010,Lower_Bound_Year2011,Lower_Bound_Year2012,Lower_Bound_Year2013,Lower_Bound_Year2014,Lower_Bound_Year2015,Lower_Bound_Year2016,Lower_Bound_Year2017,Lower_Bound_Year2018,Lower_Bound_Year2019,Lower_Bound_Year2020,Lower_Bound_Year2021,Lower_Bound_Year2022,Lower_Bound_Year2023,Lower_Bound_Year2024,Lower_Bound_Year2025,Lower_Bound_Year2026,Lower_Bound_Year2027,Lower_Bound_Year2028,Lower_Bound_Year2029,Lower_Bound_Year2030,Upper_Bound_Year2000,Upper_Bound_Year2001,Upper_Bound_Year2002,Upper_Bound_Year2003,Upper_Bound_Year2004,Upper_Bound_Year2005,Upper_Bound_Year2006,Upper_Bound_Year2007,Upper_Bound_Year2008,Upper_Bound_Year2009,Upper_Bound_Year2010,Upper_Bound_Year2011,Upper_Bound_Year2012,Upper_Bound_Year2013,Upper_Bound_Year2014,Upper_Bound_Year2015,Upper_Bound_Year2016,Upper_Bound_Year2017,Upper_Bound_Year2018,Upper_Bound_Year2019,Upper_Bound_Year2020,Upper_Bound_Year2021,Upper_Bound_Year2022,Upper_Bound_Year2023,Upper_Bound_Year2024,Upper_Bound_Year2025,Upper_Bound_Year2026,Upper_Bound_Year2027,Upper_Bound_Year2028,Upper_Bound_Year2029,Upper_Bound_Year2030



SLE42257,Requiring PC,239252.878247261,Enhanced frequency,0.00243,0.00239,0.00231,0.00227,0.0022,0.00216,0.00213,0.02034,0.08002,0.20212,0.36239,0.54032,0.71054,0.66874,0.68314,0.88274,0.93824,0.95822,0.98223,0.99172,0.99625,0.9985,0.99916,0.99963,0.99973,0.99985,0.99987,0.99992,0.99993,0.99995,0.99995,0.09854,0.0985,0.09851,0.09853,0.09854,0.09854,0.09844,0.09631,0.05508,0.03717,0.02606,0.01837,0.01295,0.00914,0.01006,0.00997,0.00601,0.00413,0.00298,0.00139,0.00091,0.00061,0.00042,3e-04,0.00021,0.00015,0.00011,8e-05,6e-05,4e-05,3e-05,0.025115,0.025185,0.02532,0.025425,0.02552,0.025585,0.02563,0.02529,0.012195,0.007295,0.004525,0.00274,0.001665,0.000935,0.000855,0.00077,0.000325,0.00011,7e-05,2e-05,0,0,0,0,0,0,0,0,0,0,0,0.251045,0.25095,0.251245,0.251505,0.25172,0.25188,0.251855,0.247165,0.16429,0.12236,0.092095,0.06891,0.05126,0.03826,0.0423,0.04384,0.03037,0.02191,0.016165,0.00753,0.005175,0.00375,0.002845,0.00218,0.00168,0.001305,0.001085,0.00091,0.000735,0.000565,0.000415IUID,Endemicity,Population,Regime,Probability_of_elimination_by_2000,Probability_of_elimination_by_2001,Probability_of_elimination_by_2002,Probability_of_elimination_by_2003,Probability_of_elimination_by_2004,Probability_of_elimination_by_2005,Probability_of_elimination_by_2006,Probability_of_elimination_by_2007,Probability_of_elimination_by_2008,Probability_of_elimination_by_2009,Probability_of_elimination_by_2010,Probability_of_elimination_by_2011,Probability_of_elimination_by_2012,Probability_of_elimination_by_2013,Probability_of_elimination_by_2014,Probability_of_elimination_by_2015,Probability_of_elimination_by_2016,Probability_of_elimination_by_2017,Probability_of_elimination_by_2018,Probability_of_elimination_by_2019,Probability_of_elimination_by_2020,Probability_of_elimination_by_2021,Probability_of_elimination_by_2022,Probability_of_elimination_by_2023,Probability_of_elimination_by_2024,Probability_of_elimination_by_2025,Probability_of_elimination_by_2026,Probability_of_elimination_by_2027,Probability_of_elimination_by_2028,Probability_of_elimination_by_2029,Probability_of_elimination_by_2030,Prev_Year2000,Prev_Year2001,Prev_Year2002,Prev_Year2003,Prev_Year2004,Prev_Year2005,Prev_Year2006,Prev_Year2007,Prev_Year2008,Prev_Year2009,Prev_Year2010,Prev_Year2011,Prev_Year2012,Prev_Year2013,Prev_Year2014,Prev_Year2015,Prev_Year2016,Prev_Year2017,Prev_Year2018,Prev_Year2019,Prev_Year2020,Prev_Year2021,Prev_Year2022,Prev_Year2023,Prev_Year2024,Prev_Year2025,Prev_Year2026,Prev_Year2027,Prev_Year2028,Prev_Year2029,Prev_Year2030,Lower_Bound_Year2000,Lower_Bound_Year2001,Lower_Bound_Year2002,Lower_Bound_Year2003,Lower_Bound_Year2004,Lower_Bound_Year2005,Lower_Bound_Year2006,Lower_Bound_Year2007,Lower_Bound_Year2008,Lower_Bound_Year2009,Lower_Bound_Year2010,Lower_Bound_Year2011,Lower_Bound_Year2012,Lower_Bound_Year2013,Lower_Bound_Year2014,Lower_Bound_Year2015,Lower_Bound_Year2016,Lower_Bound_Year2017,Lower_Bound_Year2018,Lower_Bound_Year2019,Lower_Bound_Year2020,Lower_Bound_Year2021,Lower_Bound_Year2022,Lower_Bound_Year2023,Lower_Bound_Year2024,Lower_Bound_Year2025,Lower_Bound_Year2026,Lower_Bound_Year2027,Lower_Bound_Year2028,Lower_Bound_Year2029,Lower_Bound_Year2030,Upper_Bound_Year2000,Upper_Bound_Year2001,Upper_Bound_Year2002,Upper_Bound_Year2003,Upper_Bound_Year2004,Upper_Bound_Year2005,Upper_Bound_Year2006,Upper_Bound_Year2007,Upper_Bound_Year2008,Upper_Bound_Year2009,Upper_Bound_Year2010,Upper_Bound_Year2011,Upper_Bound_Year2012,Upper_Bound_Year2013,Upper_Bound_Year2014,Upper_Bound_Year2015,Upper_Bound_Year2016,Upper_Bound_Year2017,Upper_Bound_Year2018,Upper_Bound_Year2019,Upper_Bound_Year2020,Upper_Bound_Year2021,Upper_Bound_Year2022,Upper_Bound_Year2023,Upper_Bound_Year2024,Upper_Bound_Year2025,Upper_Bound_Year2026,Upper_Bound_Year2027,Upper_Bound_Year2028,Upper_Bound_Year2029,Upper_Bound_Year2030



SLE42259,Requiring PC,372517.051228166,Enhanced frequency,0.00024,0.00022,2e-04,0.00019,0.00018,0.00016,0.00016,0.00017,0.0052,0.03284,0.1107,0.23902,0.41356,0.33237,0.34306,0.65584,0.81898,0.89255,0.9556,0.97773,0.98973,0.99565,0.99817,0.99927,0.99957,0.99975,0.99981,0.99992,0.99989,0.99992,0.99997,0.1309,0.1309,0.13102,0.13109,0.13118,0.13123,0.13111,0.12833,0.12361,0.07188,0.04888,0.03447,0.02441,0.01722,0.01919,0.01923,0.01148,0.00779,0.00552,0.00243,0.00159,0.00109,0.00076,0.00054,0.00039,0.00028,2e-04,0.00015,0.00011,8e-05,6e-05,0.03562,0.03575,0.03588,0.03601,0.036105,0.036265,0.03627,0.035645,0.034425,0.016545,0.009865,0.006115,0.003755,0.00232,0.002245,0.00194,0.000965,0.000515,0.000215,4e-05,1e-05,0,0,0,0,0,0,0,0,0,0,0.32129,0.321295,0.32155,0.32181,0.32205,0.322295,0.322325,0.31673,0.307125,0.211025,0.16014,0.12208,0.09245,0.069495,0.07599,0.078985,0.05639,0.04149,0.031145,0.01334,0.00907,0.00654,0.0049,0.003795,0.002955,0.002305,0.00181,0.001465,0.001185,0.00097,8e-04IUID,Endemicity,Population,Regime,Probability_of_elimination_by_2000,Probability_of_elimination_by_2001,Probability_of_elimination_by_2002,Probability_of_elimination_by_2003,Probability_of_elimination_by_2004,Probability_of_elimination_by_2005,Probability_of_elimination_by_2006,Probability_of_elimination_by_2007,Probability_of_elimination_by_2008,Probability_of_elimination_by_2009,Probability_of_elimination_by_2010,Probability_of_elimination_by_2011,Probability_of_elimination_by_2012,Probability_of_elimination_by_2013,Probability_of_elimination_by_2014,Probability_of_elimination_by_2015,Probability_of_elimination_by_2016,Probability_of_elimination_by_2017,Probability_of_elimination_by_2018,Probability_of_elimination_by_2019,Probability_of_elimination_by_2020,Probability_of_elimination_by_2021,Probability_of_elimination_by_2022,Probability_of_elimination_by_2023,Probability_of_elimination_by_2024,Probability_of_elimination_by_2025,Probability_of_elimination_by_2026,Probability_of_elimination_by_2027,Probability_of_elimination_by_2028,Probability_of_elimination_by_2029,Probability_of_elimination_by_2030,Prev_Year2000,Prev_Year2001,Prev_Year2002,Prev_Year2003,Prev_Year2004,Prev_Year2005,Prev_Year2006,Prev_Year2007,Prev_Year2008,Prev_Year2009,Prev_Year2010,Prev_Year2011,Prev_Year2012,Prev_Year2013,Prev_Year2014,Prev_Year2015,Prev_Year2016,Prev_Year2017,Prev_Year2018,Prev_Year2019,Prev_Year2020,Prev_Year2021,Prev_Year2022,Prev_Year2023,Prev_Year2024,Prev_Year2025,Prev_Year2026,Prev_Year2027,Prev_Year2028,Prev_Year2029,Prev_Year2030,Lower_Bound_Year2000,Lower_Bound_Year2001,Lower_Bound_Year2002,Lower_Bound_Year2003,Lower_Bound_Year2004,Lower_Bound_Year2005,Lower_Bound_Year2006,Lower_Bound_Year2007,Lower_Bound_Year2008,Lower_Bound_Year2009,Lower_Bound_Year2010,Lower_Bound_Year2011,Lower_Bound_Year2012,Lower_Bound_Year2013,Lower_Bound_Year2014,Lower_Bound_Year2015,Lower_Bound_Year2016,Lower_Bound_Year2017,Lower_Bound_Year2018,Lower_Bound_Year2019,Lower_Bound_Year2020,Lower_Bound_Year2021,Lower_Bound_Year2022,Lower_Bound_Year2023,Lower_Bound_Year2024,Lower_Bound_Year2025,Lower_Bound_Year2026,Lower_Bound_Year2027,Lower_Bound_Year2028,Lower_Bound_Year2029,Lower_Bound_Year2030,Upper_Bound_Year2000,Upper_Bound_Year2001,Upper_Bound_Year2002,Upper_Bound_Year2003,Upper_Bound_Year2004,Upper_Bound_Year2005,Upper_Bound_Year2006,Upper_Bound_Year2007,Upper_Bound_Year2008,Upper_Bound_Year2009,Upper_Bound_Year2010,Upper_Bound_Year2011,Upper_Bound_Year2012,Upper_Bound_Year2013,Upper_Bound_Year2014,Upper_Bound_Year2015,Upper_Bound_Year2016,Upper_Bound_Year2017,Upper_Bound_Year2018,Upper_Bound_Year2019,Upper_Bound_Year2020,Upper_Bound_Year2021,Upper_Bound_Year2022,Upper_Bound_Year2023,Upper_Bound_Year2024,Upper_Bound_Year2025,Upper_Bound_Year2026,Upper_Bound_Year2027,Upper_Bound_Year2028,Upper_Bound_Year2029,Upper_Bound_Year2030



SLE42260,Requiring PC,363211.218777657,Enhanced frequency,0.001,0.00097,0.00093,0.00091,0.00085,0.00078,0.00079,0.00084,0.01354,0.05747,0.1515,0.28738,0.45494,0.38258,0.3948,0.67814,0.82515,0.89518,0.956,0.97693,0.98919,0.995,0.99768,0.99894,0.99935,0.99963,0.99976,0.99986,0.9998,0.99989,0.99994,0.1258,0.1258,0.12592,0.12599,0.12608,0.12613,0.12602,0.12335,0.11882,0.06918,0.04708,0.0332,0.02351,0.01659,0.01847,0.01851,0.01107,0.00751,0.00533,0.00234,0.00153,0.00105,0.00074,0.00053,0.00038,0.00027,2e-04,0.00015,0.00011,8e-05,6e-05,0.03361,0.033785,0.033935,0.034105,0.034255,0.034415,0.03453,0.033955,0.032815,0.015755,0.009345,0.005755,0.003475,0.002055,0.00201,0.001755,0.00081,0.000425,0.000175,3e-05,1e-05,0,0,0,0,0,0,0,0,0,0,0.30928,0.309245,0.309455,0.30962,0.309915,0.31004,0.310045,0.30451,0.294995,0.201405,0.152065,0.115505,0.087145,0.065365,0.0713,0.07398,0.052475,0.03849,0.02888,0.012515,0.00855,0.006205,0.00471,0.00367,0.002905,0.002285,0.00182,0.00149,0.001195,0.000975,0.00079IUID,Endemicity,Population,Regime,Probability_of_elimination_by_2000,Probability_of_elimination_by_2001,Probability_of_elimination_by_2002,Probability_of_elimination_by_2003,Probability_of_elimination_by_2004,Probability_of_elimination_by_2005,Probability_of_elimination_by_2006,Probability_of_elimination_by_2007,Probability_of_elimination_by_2008,Probability_of_elimination_by_2009,Probability_of_elimination_by_2010,Probability_of_elimination_by_2011,Probability_of_elimination_by_2012,Probability_of_elimination_by_2013,Probability_of_elimination_by_2014,Probability_of_elimination_by_2015,Probability_of_elimination_by_2016,Probability_of_elimination_by_2017,Probability_of_elimination_by_2018,Probability_of_elimination_by_2019,Probability_of_elimination_by_2020,Probability_of_elimination_by_2021,Probability_of_elimination_by_2022,Probability_of_elimination_by_2023,Probability_of_elimination_by_2024,Probability_of_elimination_by_2025,Probability_of_elimination_by_2026,Probability_of_elimination_by_2027,Probability_of_elimination_by_2028,Probability_of_elimination_by_2029,Probability_of_elimination_by_2030,Prev_Year2000,Prev_Year2001,Prev_Year2002,Prev_Year2003,Prev_Year2004,Prev_Year2005,Prev_Year2006,Prev_Year2007,Prev_Year2008,Prev_Year2009,Prev_Year2010,Prev_Year2011,Prev_Year2012,Prev_Year2013,Prev_Year2014,Prev_Year2015,Prev_Year2016,Prev_Year2017,Prev_Year2018,Prev_Year2019,Prev_Year2020,Prev_Year2021,Prev_Year2022,Prev_Year2023,Prev_Year2024,Prev_Year2025,Prev_Year2026,Prev_Year2027,Prev_Year2028,Prev_Year2029,Prev_Year2030,Lower_Bound_Year2000,Lower_Bound_Year2001,Lower_Bound_Year2002,Lower_Bound_Year2003,Lower_Bound_Year2004,Lower_Bound_Year2005,Lower_Bound_Year2006,Lower_Bound_Year2007,Lower_Bound_Year2008,Lower_Bound_Year2009,Lower_Bound_Year2010,Lower_Bound_Year2011,Lower_Bound_Year2012,Lower_Bound_Year2013,Lower_Bound_Year2014,Lower_Bound_Year2015,Lower_Bound_Year2016,Lower_Bound_Year2017,Lower_Bound_Year2018,Lower_Bound_Year2019,Lower_Bound_Year2020,Lower_Bound_Year2021,Lower_Bound_Year2022,Lower_Bound_Year2023,Lower_Bound_Year2024,Lower_Bound_Year2025,Lower_Bound_Year2026,Lower_Bound_Year2027,Lower_Bound_Year2028,Lower_Bound_Year2029,Lower_Bound_Year2030,Upper_Bound_Year2000,Upper_Bound_Year2001,Upper_Bound_Year2002,Upper_Bound_Year2003,Upper_Bound_Year2004,Upper_Bound_Year2005,Upper_Bound_Year2006,Upper_Bound_Year2007,Upper_Bound_Year2008,Upper_Bound_Year2009,Upper_Bound_Year2010,Upper_Bound_Year2011,Upper_Bound_Year2012,Upper_Bound_Year2013,Upper_Bound_Year2014,Upper_Bound_Year2015,Upper_Bound_Year2016,Upper_Bound_Year2017,Upper_Bound_Year2018,Upper_Bound_Year2019,Upper_Bound_Year2020,Upper_Bound_Year2021,Upper_Bound_Year2022,Upper_Bound_Year2023,Upper_Bound_Year2024,Upper_Bound_Year2025,Upper_Bound_Year2026,Upper_Bound_Year2027,Upper_Bound_Year2028,Upper_Bound_Year2029,Upper_Bound_Year2030



SLE42253,Requiring PC,369958.652080059,Enhanced frequency,0.00428,0.0041,0.00401,0.00393,0.0038,0.00361,0.00348,0.00685,0.06365,0.19188,0.37873,0.55822,0.54079,0.53561,0.55968,0.82701,0.92943,0.96572,0.9865,0.99293,0.9968,0.99872,0.99952,0.99981,0.99993,0.99993,0.99999,0.99995,0.99999,0.99999,0.99999,0.07537,0.07529,0.07528,0.07525,0.0752,0.0752,0.07508,0.07344,0.06361,0.03673,0.02468,0.01718,0.01205,0.0121,0.01225,0.01186,0.0068,0.00452,0.00315,0.00136,0.00086,0.00057,0.00038,0.00026,0.00018,0.00012,9e-05,6e-05,5e-05,3e-05,2e-05,0.020555,0.0206,0.02066,0.02071,0.020805,0.02087,0.02093,0.02067,0.01756,0.00859,0.005075,0.00304,0.001805,0.00168,0.001455,0.001235,0.00054,2e-04,0.00012,3e-05,1e-05,0,0,0,0,0,0,0,0,0,0,0.18811,0.187965,0.188,0.18799,0.18803,0.188125,0.188035,0.18407,0.16237,0.10597,0.076505,0.05622,0.041345,0.040185,0.041955,0.04212,0.02731,0.01915,0.01375,0.00618,0.00419,0.00307,0.002305,0.001745,0.001375,0.00111,0.000875,0.00072,0.00058,0.00044,0.000325IUID,Endemicity,Population,Regime,Probability_of_elimination_by_2000,Probability_of_elimination_by_2001,Probability_of_elimination_by_2002,Probability_of_elimination_by_2003,Probability_of_elimination_by_2004,Probability_of_elimination_by_2005,Probability_of_elimination_by_2006,Probability_of_elimination_by_2007,Probability_of_elimination_by_2008,Probability_of_elimination_by_2009,Probability_of_elimination_by_2010,Probability_of_elimination_by_2011,Probability_of_elimination_by_2012,Probability_of_elimination_by_2013,Probability_of_elimination_by_2014,Probability_of_elimination_by_2015,Probability_of_elimination_by_2016,Probability_of_elimination_by_2017,Probability_of_elimination_by_2018,Probability_of_elimination_by_2019,Probability_of_elimination_by_2020,Probability_of_elimination_by_2021,Probability_of_elimination_by_2022,Probability_of_elimination_by_2023,Probability_of_elimination_by_2024,Probability_of_elimination_by_2025,Probability_of_elimination_by_2026,Probability_of_elimination_by_2027,Probability_of_elimination_by_2028,Probability_of_elimination_by_2029,Probability_of_elimination_by_2030,Prev_Year2000,Prev_Year2001,Prev_Year2002,Prev_Year2003,Prev_Year2004,Prev_Year2005,Prev_Year2006,Prev_Year2007,Prev_Year2008,Prev_Year2009,Prev_Year2010,Prev_Year2011,Prev_Year2012,Prev_Year2013,Prev_Year2014,Prev_Year2015,Prev_Year2016,Prev_Year2017,Prev_Year2018,Prev_Year2019,Prev_Year2020,Prev_Year2021,Prev_Year2022,Prev_Year2023,Prev_Year2024,Prev_Year2025,Prev_Year2026,Prev_Year2027,Prev_Year2028,Prev_Year2029,Prev_Year2030,Lower_Bound_Year2000,Lower_Bound_Year2001,Lower_Bound_Year2002,Lower_Bound_Year2003,Lower_Bound_Year2004,Lower_Bound_Year2005,Lower_Bound_Year2006,Lower_Bound_Year2007,Lower_Bound_Year2008,Lower_Bound_Year2009,Lower_Bound_Year2010,Lower_Bound_Year2011,Lower_Bound_Year2012,Lower_Bound_Year2013,Lower_Bound_Year2014,Lower_Bound_Year2015,Lower_Bound_Year2016,Lower_Bound_Year2017,Lower_Bound_Year2018,Lower_Bound_Year2019,Lower_Bound_Year2020,Lower_Bound_Year2021,Lower_Bound_Year2022,Lower_Bound_Year2023,Lower_Bound_Year2024,Lower_Bound_Year2025,Lower_Bound_Year2026,Lower_Bound_Year2027,Lower_Bound_Year2028,Lower_Bound_Year2029,Lower_Bound_Year2030,Upper_Bound_Year2000,Upper_Bound_Year2001,Upper_Bound_Year2002,Upper_Bound_Year2003,Upper_Bound_Year2004,Upper_Bound_Year2005,Upper_Bound_Year2006,Upper_Bound_Year2007,Upper_Bound_Year2008,Upper_Bound_Year2009,Upper_Bound_Year2010,Upper_Bound_Year2011,Upper_Bound_Year2012,Upper_Bound_Year2013,Upper_Bound_Year2014,Upper_Bound_Year2015,Upper_Bound_Year2016,Upper_Bound_Year2017,Upper_Bound_Year2018,Upper_Bound_Year2019,Upper_Bound_Year2020,Upper_Bound_Year2021,Upper_Bound_Year2022,Upper_Bound_Year2023,Upper_Bound_Year2024,Upper_Bound_Year2025,Upper_Bound_Year2026,Upper_Bound_Year2027,Upper_Bound_Year2028,Upper_Bound_Year2029,Upper_Bound_Year2030



SLE42265,Requiring PC,71620.0250529647,Enhanced frequency,0.00867,0.00873,0.0085,0.00852,0.00843,0.00824,0.00858,0.00923,0.06945,0.04847,0.20871,0.4113,0.58662,0.52023,0.53139,0.78881,0.91307,0.96014,0.98584,0.9929,0.99667,0.99883,0.99956,0.99993,0.99995,0.99996,0.99998,0.99998,0.99999,1,1,0.07544,0.07542,0.07542,0.07542,0.0754,0.07538,0.07524,0.07361,0.07077,0.0395,0.04267,0.02523,0.01705,0.01178,0.01305,0.01294,0.00743,0.00491,0.00339,0.00143,9e-04,0.00059,0.00039,0.00026,0.00018,0.00012,9e-05,6e-05,4e-05,3e-05,2e-05,0.01832,0.0183,0.01834,0.01843,0.018375,0.018445,0.018475,0.018125,0.017545,0.00831,0.009485,0.00473,0.002775,0.00163,0.00155,0.001415,0.000615,0.00027,8e-05,2e-05,1e-05,0,0,0,0,0,0,0,0,0,0,0.20146,0.201385,0.20144,0.20149,0.20171,0.20187,0.20176,0.19766,0.190945,0.120595,0.125635,0.08355,0.06013,0.043415,0.046715,0.047705,0.03064,0.02117,0.01499,0.00651,0.00436,0.003075,0.002265,0.00174,0.00134,0.001105,0.000855,0.00065,0.000465,0.000335,0.00023IUID,Endemicity,Population,Regime,Probability_of_elimination_by_2000,Probability_of_elimination_by_2001,Probability_of_elimination_by_2002,Probability_of_elimination_by_2003,Probability_of_elimination_by_2004,Probability_of_elimination_by_2005,Probability_of_elimination_by_2006,Probability_of_elimination_by_2007,Probability_of_elimination_by_2008,Probability_of_elimination_by_2009,Probability_of_elimination_by_2010,Probability_of_elimination_by_2011,Probability_of_elimination_by_2012,Probability_of_elimination_by_2013,Probability_of_elimination_by_2014,Probability_of_elimination_by_2015,Probability_of_elimination_by_2016,Probability_of_elimination_by_2017,Probability_of_elimination_by_2018,Probability_of_elimination_by_2019,Probability_of_elimination_by_2020,Probability_of_elimination_by_2021,Probability_of_elimination_by_2022,Probability_of_elimination_by_2023,Probability_of_elimination_by_2024,Probability_of_elimination_by_2025,Probability_of_elimination_by_2026,Probability_of_elimination_by_2027,Probability_of_elimination_by_2028,Probability_of_elimination_by_2029,Probability_of_elimination_by_2030,Prev_Year2000,Prev_Year2001,Prev_Year2002,Prev_Year2003,Prev_Year2004,Prev_Year2005,Prev_Year2006,Prev_Year2007,Prev_Year2008,Prev_Year2009,Prev_Year2010,Prev_Year2011,Prev_Year2012,Prev_Year2013,Prev_Year2014,Prev_Year2015,Prev_Year2016,Prev_Year2017,Prev_Year2018,Prev_Year2019,Prev_Year2020,Prev_Year2021,Prev_Year2022,Prev_Year2023,Prev_Year2024,Prev_Year2025,Prev_Year2026,Prev_Year2027,Prev_Year2028,Prev_Year2029,Prev_Year2030,Lower_Bound_Year2000,Lower_Bound_Year2001,Lower_Bound_Year2002,Lower_Bound_Year2003,Lower_Bound_Year2004,Lower_Bound_Year2005,Lower_Bound_Year2006,Lower_Bound_Year2007,Lower_Bound_Year2008,Lower_Bound_Year2009,Lower_Bound_Year2010,Lower_Bound_Year2011,Lower_Bound_Year2012,Lower_Bound_Year2013,Lower_Bound_Year2014,Lower_Bound_Year2015,Lower_Bound_Year2016,Lower_Bound_Year2017,Lower_Bound_Year2018,Lower_Bound_Year2019,Lower_Bound_Year2020,Lower_Bound_Year2021,Lower_Bound_Year2022,Lower_Bound_Year2023,Lower_Bound_Year2024,Lower_Bound_Year2025,Lower_Bound_Year2026,Lower_Bound_Year2027,Lower_Bound_Year2028,Lower_Bound_Year2029,Lower_Bound_Year2030,Upper_Bound_Year2000,Upper_Bound_Year2001,Upper_Bound_Year2002,Upper_Bound_Year2003,Upper_Bound_Year2004,Upper_Bound_Year2005,Upper_Bound_Year2006,Upper_Bound_Year2007,Upper_Bound_Year2008,Upper_Bound_Year2009,Upper_Bound_Year2010,Upper_Bound_Year2011,Upper_Bound_Year2012,Upper_Bound_Year2013,Upper_Bound_Year2014,Upper_Bound_Year2015,Upper_Bound_Year2016,Upper_Bound_Year2017,Upper_Bound_Year2018,Upper_Bound_Year2019,Upper_Bound_Year2020,Upper_Bound_Year2021,Upper_Bound_Year2022,Upper_Bound_Year2023,Upper_Bound_Year2024,Upper_Bound_Year2025,Upper_Bound_Year2026,Upper_Bound_Year2027,Upper_Bound_Year2028,Upper_Bound_Year2029,Upper_Bound_Year2030



SLE42266,Requiring PC,8647.94884109497,Enhanced frequency,NA,NA,NA,NA,NA,NA,NA,NA,NA,NA,NA,NA,NA,NA,NA,NA,NA,NA,NA,NA,NA,NA,NA,NA,NA,NA,NA,NA,NA,NA,NA,NA,NA,NA,NA,NA,NA,NA,NA,NA,NA,NA,NA,NA,NA,NA,NA,NA,NA,NA,NA,NA,NA,NA,NA,NA,NA,NA,NA,NA,NA,NA,NA,NA,NA,NA,NA,NA,NA,NA,NA,NA,NA,NA,NA,NA,NA,NA,NA,NA,NA,NA,NA,NA,NA,NA,NA,NA,NA,NA,NA,NA,NA,NA,NA,NA,NA,NA,NA,NA,NA,NA,NA,NA,NA,NA,NA,NA,NA,NA,NA,NA,NA,NA,NA,NA,NA,NA,NA,NA,NA,NA,NA,NA